Id,Name,X,Y
1,1,7,4
2,2,6.819077862,5.02606043
3,3,6.298133329,5.928362829
4,4,5.5,6.598076211
5,5,4.520944533,6.954423259
6,6,3.479055467,6.954423259
7,7,2.5,6.598076211
8,8,1.701866671,5.928362829
9,9,1.180922138,5.02606043
10,10,1.00E+00,4
11,11,1.180922138,2.97393957
12,12,1.701866671,2.071637171
13,13,2.5,1.401923789
14,14,3.479055467,1.045576741
15,15,4.520944533,1.045576741
16,16,5.5,1.401923789
17,17,6.298133329,2.071637171
18,18,6.819077862,2.97393957
